{
	"format_version": "1.12.0",
	"minecraft:geometry": [
		{
			"description": {
				"identifier": "geometry.plasticshovel2",
				"texture_width": 16,
				"texture_height": 16,
				"visible_bounds_width": 2,
				"visible_bounds_height": 2.5,
				"visible_bounds_offset": [0, 0.75, 0]
			},
			"bones": [
				{
					"name": "Shovel",
					"pivot": [0.41349, 6.75345, 1.69609],
					"rotation": [75.5, 0, 0],
					"cubes": [
						{
							"origin": [1.7655, 6.24847, -5.50555],
							"size": [0.88, 1, 3.52],
							"uv": {
								"north": {"uv": [0.032, 0.032], "uv_size": [0.936, 0.936]},
								"east": {"uv": [0.032, 0.032], "uv_size": [3.936, 0.936]},
								"south": {"uv": [0.032, 0.032], "uv_size": [0.936, 0.936]},
								"west": {"uv": [0.032, 0.032], "uv_size": [3.936, 0.936]},
								"up": {"uv": [0.968, 3.968], "uv_size": [-0.936, -3.936]},
								"down": {"uv": [0.968, 3.968], "uv_size": [-0.936, -3.936]}
							}
						},
						{
							"origin": [-0.63451, 6.25, -0.31481],
							"size": [1.232, 1, 3.608],
							"uv": {
								"north": {"uv": [0.032, 0.032], "uv_size": [1.368, 0.936]},
								"east": {"uv": [0.032, 0.032], "uv_size": [3.936, 0.936]},
								"south": {"uv": [0.032, 0.032], "uv_size": [1.368, 0.936]},
								"west": {"uv": [0.032, 0.032], "uv_size": [3.936, 0.936]},
								"up": {"uv": [1.4, 3.968], "uv_size": [-1.368, -3.936]},
								"down": {"uv": [1.4, 3.968], "uv_size": [-1.368, -3.936]}
							}
						},
						{
							"origin": [-2.52444, 6.24869, -5.50561],
							"size": [0.88, 1, 3.52],
							"uv": {
								"north": {"uv": [0.968, 0.032], "uv_size": [-0.936, 0.936]},
								"east": {"uv": [3.968, 0.032], "uv_size": [-3.936, 0.936]},
								"south": {"uv": [0.968, 0.032], "uv_size": [-0.936, 0.936]},
								"west": {"uv": [3.968, 0.032], "uv_size": [-3.936, 0.936]},
								"up": {"uv": [0.032, 3.968], "uv_size": [0.936, -3.936]},
								"down": {"uv": [0.032, 3.968], "uv_size": [0.936, -3.936]}
							}
						},
						{
							"origin": [-1.64444, 6.34869, -5.28561],
							"size": [3.52, 0.4, 4.444],
							"uv": {
								"north": {"uv": [1.032, 0.032], "uv_size": [3.936, 0.368]},
								"east": {"uv": [4.032, 0.032], "uv_size": [4.936, 0.368]},
								"south": {"uv": [1.032, 0.032], "uv_size": [3.936, 0.368]},
								"west": {"uv": [4.032, 0.032], "uv_size": [4.936, 0.368]},
								"up": {"uv": [4.968, 4.968], "uv_size": [-3.936, -4.936]},
								"down": {"uv": [4.968, 4.968], "uv_size": [-3.936, -4.936]}
							}
						},
						{
							"origin": [0.80428, 6.24852, -2.84684],
							"size": [0.88, 1, 0.88],
							"pivot": [0, 0, 0],
							"rotation": [0, -22.5, 0],
							"uv": {
								"north": {"uv": [0.032, 0.032], "uv_size": [0.936, 0.936]},
								"east": {"uv": [0.032, 0.032], "uv_size": [0.936, 0.936]},
								"south": {"uv": [0.032, 0.032], "uv_size": [0.936, 0.936]},
								"west": {"uv": [0.032, 0.032], "uv_size": [0.936, 0.936]},
								"up": {"uv": [0.968, 0.968], "uv_size": [-0.936, -0.936]},
								"down": {"uv": [0.968, 0.968], "uv_size": [-0.936, -0.936]}
							}
						},
						{
							"origin": [-1.57243, 6.24868, -2.80053],
							"size": [0.88, 1, 0.88],
							"pivot": [0, 0, 0],
							"rotation": [0, 22.5, 0],
							"uv": {
								"north": {"uv": [0.968, 0.032], "uv_size": [-0.936, 0.936]},
								"east": {"uv": [0.968, 0.032], "uv_size": [-0.936, 0.936]},
								"south": {"uv": [0.968, 0.032], "uv_size": [-0.936, 0.936]},
								"west": {"uv": [0.968, 0.032], "uv_size": [-0.936, 0.936]},
								"up": {"uv": [0.032, 0.968], "uv_size": [0.936, -0.936]},
								"down": {"uv": [0.032, 0.968], "uv_size": [0.936, -0.936]}
							}
						},
						{
							"origin": [-0.07661, 6.24856, -2.4617],
							"size": [0.88, 1, 0.88],
							"pivot": [0, 0, 0],
							"rotation": [0, -45, 0],
							"uv": {
								"north": {"uv": [0.032, 0.032], "uv_size": [0.936, 0.936]},
								"east": {"uv": [0.032, 0.032], "uv_size": [0.936, 0.936]},
								"south": {"uv": [0.032, 0.032], "uv_size": [0.936, 0.936]},
								"west": {"uv": [0.032, 0.032], "uv_size": [0.936, 0.936]},
								"up": {"uv": [0.968, 0.968], "uv_size": [-0.936, -0.936]},
								"down": {"uv": [0.968, 0.968], "uv_size": [-0.936, -0.936]}
							}
						},
						{
							"origin": [-0.7178, 6.24866, -2.37611],
							"size": [0.88, 1, 0.88],
							"pivot": [0, 0, 0],
							"rotation": [0, 45, 0],
							"uv": {
								"north": {"uv": [0.968, 0.032], "uv_size": [-0.936, 0.936]},
								"east": {"uv": [0.968, 0.032], "uv_size": [-0.936, 0.936]},
								"south": {"uv": [0.968, 0.032], "uv_size": [-0.936, 0.936]},
								"west": {"uv": [0.968, 0.032], "uv_size": [-0.936, 0.936]},
								"up": {"uv": [0.032, 0.968], "uv_size": [0.936, -0.936]},
								"down": {"uv": [0.032, 0.968], "uv_size": [0.936, -0.936]}
							}
						},
						{
							"origin": [0.00878, 6.2486, -0.74305],
							"size": [1.76, 1, 0.88],
							"pivot": [0, 0, 0],
							"rotation": [0, 22.5, 0],
							"uv": {
								"north": {"uv": [0.032, 0.032], "uv_size": [1.936, 0.936]},
								"east": {"uv": [0.032, 0.032], "uv_size": [0.936, 0.936]},
								"south": {"uv": [0.032, 0.032], "uv_size": [1.936, 0.936]},
								"west": {"uv": [0.032, 0.032], "uv_size": [0.936, 0.936]},
								"up": {"uv": [0.968, 1.968], "uv_size": [-0.936, -1.936]},
								"down": {"uv": [0.968, 1.968], "uv_size": [-0.936, -1.936]}
							}
						},
						{
							"origin": [-1.65693, 6.24863, -0.78937],
							"size": [1.76, 1, 0.88],
							"pivot": [0, 0, 0],
							"rotation": [0, -22.5, 0],
							"uv": {
								"north": {"uv": [1.968, 0.032], "uv_size": [-1.936, 0.936]},
								"east": {"uv": [0.968, 0.032], "uv_size": [-0.936, 0.936]},
								"south": {"uv": [1.968, 0.032], "uv_size": [-1.936, 0.936]},
								"west": {"uv": [0.968, 0.032], "uv_size": [-0.936, 0.936]},
								"up": {"uv": [0.968, 0.032], "uv_size": [-0.936, 1.936]},
								"down": {"uv": [0.968, 0.032], "uv_size": [-0.936, 1.936]}
							}
						},
						{
							"origin": [-1.31908, 6.26933, 4.04198],
							"size": [0.5104, 1, 0.5104],
							"uv": {
								"north": {"uv": [0.032, 0.032], "uv_size": [0.936, 0.936]},
								"east": {"uv": [0.032, 0.032], "uv_size": [0.936, 0.936]},
								"south": {"uv": [0.032, 0.032], "uv_size": [0.936, 0.936]},
								"west": {"uv": [0.032, 0.032], "uv_size": [0.936, 0.936]},
								"up": {"uv": [0.968, 0.968], "uv_size": [-0.936, -0.936]},
								"down": {"uv": [0.968, 0.968], "uv_size": [-0.936, -0.936]}
							}
						},
						{
							"origin": [-0.29145, 6.26905, 5.06975],
							"size": [0.5104, 1, 0.5104],
							"uv": {
								"north": {"uv": [0.032, 0.032], "uv_size": [0.936, 0.936]},
								"east": {"uv": [0.032, 0.032], "uv_size": [0.936, 0.936]},
								"south": {"uv": [0.032, 0.032], "uv_size": [0.936, 0.936]},
								"west": {"uv": [0.032, 0.032], "uv_size": [0.936, 0.936]},
								"up": {"uv": [0.968, 0.968], "uv_size": [-0.936, -0.936]},
								"down": {"uv": [0.968, 0.968], "uv_size": [-0.936, -0.936]}
							}
						},
						{
							"origin": [0.73615, 6.26865, 4.042],
							"size": [0.5104, 1, 0.5104],
							"uv": {
								"north": {"uv": [0.032, 0.032], "uv_size": [0.936, 0.936]},
								"east": {"uv": [0.032, 0.032], "uv_size": [0.936, 0.936]},
								"south": {"uv": [0.032, 0.032], "uv_size": [0.936, 0.936]},
								"west": {"uv": [0.032, 0.032], "uv_size": [0.936, 0.936]},
								"up": {"uv": [0.968, 0.968], "uv_size": [-0.936, -0.936]},
								"down": {"uv": [0.968, 0.968], "uv_size": [-0.936, -0.936]}
							}
						},
						{
							"origin": [-0.29182, 6.26839, 3.01417],
							"size": [0.5104, 1, 0.5104],
							"uv": {
								"north": {"uv": [0.032, 0.032], "uv_size": [0.936, 0.936]},
								"east": {"uv": [0.032, 0.032], "uv_size": [0.936, 0.936]},
								"south": {"uv": [0.032, 0.032], "uv_size": [0.936, 0.936]},
								"west": {"uv": [0.032, 0.032], "uv_size": [0.936, 0.936]},