{
	"format_version": "1.12.0",
	"minecraft:geometry": [
		{
			"description": {
				"identifier": "geometry.plasticshovel1",
				"texture_width": 16,
				"texture_height": 16,
				"visible_bounds_width": 2,
				"visible_bounds_height": 1.5,
				"visible_bounds_offset": [0, 0.25, 0]
			},
			"bones": [
				{
					"name": "Shovel",
					"pivot": [-11.14535, 8.01856, 10.94155],
					"cubes": [
						{
							"origin": [1.7655, -0.00153, -6.00555],
							"size": [0.88, 1, 3.52],
							"uv": {
								"north": {"uv": [0.032, 0.032], "uv_size": [0.936, 0.936]},
								"east": {"uv": [0.032, 0.032], "uv_size": [3.936, 0.936]},
								"south": {"uv": [0.032, 0.032], "uv_size": [0.936, 0.936]},
								"west": {"uv": [0.032, 0.032], "uv_size": [3.936, 0.936]},
								"up": {"uv": [0.968, 3.968], "uv_size": [-0.936, -3.936]},
								"down": {"uv": [0.968, 3.968], "uv_size": [-0.936, -3.936]}
							}
						},
						{
							"origin": [-0.63451, 0, -0.81481],
							"size": [1.232, 1, 3.608],
							"uv": {
								"north": {"uv": [0.032, 0.032], "uv_size": [1.368, 0.936]},
								"east": {"uv": [0.032, 0.032], "uv_size": [3.936, 0.936]},
								"south": {"uv": [0.032, 0.032], "uv_size": [1.368, 0.936]},
								"west": {"uv": [0.032, 0.032], "uv_size": [3.936, 0.936]},
								"up": {"uv": [1.4, 3.968], "uv_size": [-1.368, -3.936]},
								"down": {"uv": [1.4, 3.968], "uv_size": [-1.368, -3.936]}
							}
						},
						{
							"origin": [-2.52444, -0.00131, -6.00561],
							"size": [0.88, 1, 3.52],
							"uv": {
								"north": {"uv": [0.968, 0.032], "uv_size": [-0.936, 0.936]},
								"east": {"uv": [3.968, 0.032], "uv_size": [-3.936, 0.936]},
								"south": {"uv": [0.968, 0.032], "uv_size": [-0.936, 0.936]},
								"west": {"uv": [3.968, 0.032], "uv_size": [-3.936, 0.936]},
								"up": {"uv": [0.032, 3.968], "uv_size": [0.936, -3.936]},
								"down": {"uv": [0.032, 3.968], "uv_size": [0.936, -3.936]}
							}
						},
						{
							"origin": [-1.64444, 0.09869, -5.78561],
							"size": [3.52, 0.4, 4.444],
							"uv": {
								"north": {"uv": [1.032, 0.032], "uv_size": [3.936, 0.368]},
								"east": {"uv": [4.032, 0.032], "uv_size": [4.936, 0.368]},
								"south": {"uv": [1.032, 0.032], "uv_size": [3.936, 0.368]},
								"west": {"uv": [4.032, 0.032], "uv_size": [4.936, 0.368]},
								"up": {"uv": [4.968, 4.968], "uv_size": [-3.936, -4.936]},
								"down": {"uv": [4.968, 4.968], "uv_size": [-3.936, -4.936]}
							}
						},
						{
							"origin": [0.61294, -0.00148, -3.30878],
							"size": [0.88, 1, 0.88],
							"pivot": [0, 0, 0],
							"rotation": [0, -22.5, 0],
							"uv": {
								"north": {"uv": [0.032, 0.032], "uv_size": [0.936, 0.936]},
								"east": {"uv": [0.032, 0.032], "uv_size": [0.936, 0.936]},
								"south": {"uv": [0.032, 0.032], "uv_size": [0.936, 0.936]},
								"west": {"uv": [0.032, 0.032], "uv_size": [0.936, 0.936]},
								"up": {"uv": [0.968, 0.968], "uv_size": [-0.936, -0.936]},
								"down": {"uv": [0.968, 0.968], "uv_size": [-0.936, -0.936]}
							}
						},
						{
							"origin": [-1.38109, -0.00132, -3.26247],
							"size": [0.88, 1, 0.88],
							"pivot": [0, 0, 0],
							"rotation": [0, 22.5, 0],
							"uv": {
								"north": {"uv": [0.968, 0.032], "uv_size": [-0.936, 0.936]},
								"east": {"uv": [0.968, 0.032], "uv_size": [-0.936, 0.936]},
								"south": {"uv": [0.968, 0.032], "uv_size": [-0.936, 0.936]},
								"west": {"uv": [0.968, 0.032], "uv_size": [-0.936, 0.936]},
								"up": {"uv": [0.032, 0.968], "uv_size": [0.936, -0.936]},
								"down": {"uv": [0.032, 0.968], "uv_size": [0.936, -0.936]}
							}
						},
						{
							"origin": [-0.43016, -0.00144, -2.81525],
							"size": [0.88, 1, 0.88],
							"pivot": [0, 0, 0],
							"rotation": [0, -45, 0],
							"uv": {
								"north": {"uv": [0.032, 0.032], "uv_size": [0.936, 0.936]},
								"east": {"uv": [0.032, 0.032], "uv_size": [0.936, 0.936]},
								"south": {"uv": [0.032, 0.032], "uv_size": [0.936, 0.936]},
								"west": {"uv": [0.032, 0.032], "uv_size": [0.936, 0.936]},
								"up": {"uv": [0.968, 0.968], "uv_size": [-0.936, -0.936]},
								"down": {"uv": [0.968, 0.968], "uv_size": [-0.936, -0.936]}
							}
						},
						{
							"origin": [-0.36425, -0.00134, -2.72966],
							"size": [0.88, 1, 0.88],
							"pivot": [0, 0, 0],
							"rotation": [0, 45, 0],
							"uv": {
								"north": {"uv": [0.968, 0.032], "uv_size": [-0.936, 0.936]},
								"east": {"uv": [0.968, 0.032], "uv_size": [-0.936, 0.936]},
								"south": {"uv": [0.968, 0.032], "uv_size": [-0.936, 0.936]},
								"west": {"uv": [0.968, 0.032], "uv_size": [-0.936, 0.936]},
								"up": {"uv": [0.032, 0.968], "uv_size": [0.936, -0.936]},
								"down": {"uv": [0.032, 0.968], "uv_size": [0.936, -0.936]}
							}
						},
						{
							"origin": [0.20012, -0.0014, -1.20499],
							"size": [1.76, 1, 0.88],
							"pivot": [0, 0, 0],
							"rotation": [0, 22.5, 0],
							"uv": {
								"north": {"uv": [0.032, 0.032], "uv_size": [1.936, 0.936]},
								"east": {"uv": [0.032, 0.032], "uv_size": [0.936, 0.936]},
								"south": {"uv": [0.032, 0.032], "uv_size": [1.936, 0.936]},
								"west": {"uv": [0.032, 0.032], "uv_size": [0.936, 0.936]},
								"up": {"uv": [0.968, 1.968], "uv_size": [-0.936, -1.936]},
								"down": {"uv": [0.968, 1.968], "uv_size": [-0.936, -1.936]}
							}
						},
						{
							"origin": [-1.84827, -0.00137, -1.25131],
							"size": [1.76, 1, 0.88],
							"pivot": [0, 0, 0],
							"rotation": [0, -22.5, 0],
							"uv": {
								"north": {"uv": [1.968, 0.032], "uv_size": [-1.936, 0.936]},
								"east": {"uv": [0.968, 0.032], "uv_size": [-0.936, 0.936]},
								"south": {"uv": [1.968, 0.032], "uv_size": [-1.936, 0.936]},
								"west": {"uv": [0.968, 0.032], "uv_size": [-0.936, 0.936]},
								"up": {"uv": [0.968, 0.032], "uv_size": [-0.936, 1.936]},
								"down": {"uv": [0.968, 0.032], "uv_size": [-0.936, 1.936]}
							}
						},
						{
							"origin": [-1.31908, 0.01933, 3.54198],
							"size": [0.5104, 1, 0.5104],
							"uv": {
								"north": {"uv": [0.032, 0.032], "uv_size": [0.936, 0.936]},
								"east": {"uv": [0.032, 0.032], "uv_size": [0.936, 0.936]},
								"south": {"uv": [0.032, 0.032], "uv_size": [0.936, 0.936]},
								"west": {"uv": [0.032, 0.032], "uv_size": [0.936, 0.936]},
								"up": {"uv": [0.968, 0.968], "uv_size": [-0.936, -0.936]},
								"down": {"uv": [0.968, 0.968], "uv_size": [-0.936, -0.936]}
							}
						},
						{
							"origin": [-0.29145, 0.01905, 4.56975],
							"size": [0.5104, 1, 0.5104],
							"uv": {
								"north": {"uv": [0.032, 0.032], "uv_size": [0.936, 0.936]},
								"east": {"uv": [0.032, 0.032], "uv_size": [0.936, 0.936]},
								"south": {"uv": [0.032, 0.032], "uv_size": [0.936, 0.936]},
								"west": {"uv": [0.032, 0.032], "uv_size": [0.936, 0.936]},
								"up": {"uv": [0.968, 0.968], "uv_size": [-0.936, -0.936]},
								"down": {"uv": [0.968, 0.968], "uv_size": [-0.936, -0.936]}
							}
						},
						{
							"origin": [0.73615, 0.01865, 3.542],
							"size": [0.5104, 1, 0.5104],
							"uv": {
								"north": {"uv": [0.032, 0.032], "uv_size": [0.936, 0.936]},
								"east": {"uv": [0.032, 0.032], "uv_size": [0.936, 0.936]},
								"south": {"uv": [0.032, 0.032], "uv_size": [0.936, 0.936]},
								"west": {"uv": [0.032, 0.032], "uv_size": [0.936, 0.936]},
								"up": {"uv": [0.968, 0.968], "uv_size": [-0.936, -0.936]},
								"down": {"uv": [0.968, 0.968], "uv_size": [-0.936, -0.936]}
							}
						},
						{
							"origin": [-0.29182, 0.01839, 2.51417],
							"size": [0.5104, 1, 0.5104],
							"uv": {
								"north": {"uv": [0.032, 0.032], "uv_size": [0.936, 0.936]},
								"east": {"uv": [0.032, 0.032], "uv_size": [0.936, 0.936]},
								"south": {"uv": [0.032, 0.032], "uv_size": [0.936, 0.936]},
								"west": {"uv": [0.032, 0.032], "uv_size": [0.936, 0.936]},