{
	"format_version": "1.12.0",
	"minecraft:geometry": [
		{
			"description": {
				"identifier": "geometry.plasticshovel2",
				"texture_width": 16,
				"texture_height": 16,
				"visible_bounds_width": 2,
				"visible_bounds_height": 2.5,
				"visible_bounds_offset": [0, 0.75, 0]
			},
			"bones": [
				{
					"name": "Shovel",
					"pivot": [0.41349, 6.75345, 1.69609],
					"rotation": [75.5, 0, 0],
					"cubes": [
						{
							"origin": [1.7655, 6.33491, -5.17131],
							"size": [0.88, 1, 3.52],
							"uv": {
								"north": {"uv": [0.032, 0.032], "uv_size": [0.936, 0.936]},
								"east": {"uv": [0.032, 0.032], "uv_size": [3.936, 0.936]},
								"south": {"uv": [0.032, 0.032], "uv_size": [0.936, 0.936]},
								"west": {"uv": [0.032, 0.032], "uv_size": [3.936, 0.936]},
								"up": {"uv": [0.968, 3.968], "uv_size": [-0.936, -3.936]},
								"down": {"uv": [0.968, 3.968], "uv_size": [-0.936, -3.936]}
							}
						},
						{
							"origin": [-0.63451, 6.33644, 0.01943],
							"size": [1.232, 1, 3.608],
							"uv": {
								"north": {"uv": [0.032, 0.032], "uv_size": [1.368, 0.936]},
								"east": {"uv": [0.032, 0.032], "uv_size": [3.936, 0.936]},
								"south": {"uv": [0.032, 0.032], "uv_size": [1.368, 0.936]},
								"west": {"uv": [0.032, 0.032], "uv_size": [3.936, 0.936]},
								"up": {"uv": [1.4, 3.968], "uv_size": [-1.368, -3.936]},
								"down": {"uv": [1.4, 3.968], "uv_size": [-1.368, -3.936]}
							}
						},
						{
							"origin": [-2.52444, 6.33513, -5.17137],
							"size": [0.88, 1, 3.52],
							"uv": {
								"north": {"uv": [0.968, 0.032], "uv_size": [-0.936, 0.936]},
								"east": {"uv": [3.968, 0.032], "uv_size": [-3.936, 0.936]},
								"south": {"uv": [0.968, 0.032], "uv_size": [-0.936, 0.936]},
								"west": {"uv": [3.968, 0.032], "uv_size": [-3.936, 0.936]},
								"up": {"uv": [0.032, 3.968], "uv_size": [0.936, -3.936]},
								"down": {"uv": [0.032, 3.968], "uv_size": [0.936, -3.936]}
							}
						},
						{
							"origin": [-1.64444, 6.43513, -4.95137],
							"size": [3.52, 0.4, 4.444],
							"uv": {
								"north": {"uv": [1.032, 0.032], "uv_size": [3.936, 0.368]},
								"east": {"uv": [4.032, 0.032], "uv_size": [4.936, 0.368]},
								"south": {"uv": [1.032, 0.032], "uv_size": [3.936, 0.368]},
								"west": {"uv": [4.032, 0.032], "uv_size": [4.936, 0.368]},
								"up": {"uv": [4.968, 4.968], "uv_size": [-3.936, -4.936]},
								"down": {"uv": [4.968, 4.968], "uv_size": [-3.936, -4.936]}
							}
						},
						{
							"origin": [0.93219, 6.33496, -2.53804],
							"size": [0.88, 1, 0.88],
							"pivot": [0, 0, 0],
							"rotation": [0, -22.5, 0],
							"uv": {
								"north": {"uv": [0.032, 0.032], "uv_size": [0.936, 0.936]},
								"east": {"uv": [0.032, 0.032], "uv_size": [0.936, 0.936]},
								"south": {"uv": [0.032, 0.032], "uv_size": [0.936, 0.936]},
								"west": {"uv": [0.032, 0.032], "uv_size": [0.936, 0.936]},
								"up": {"uv": [0.968, 0.968], "uv_size": [-0.936, -0.936]},
								"down": {"uv": [0.968, 0.968], "uv_size": [-0.936, -0.936]}
							}
						},
						{
							"origin": [-1.70034, 6.33512, -2.49173],
							"size": [0.88, 1, 0.88],
							"pivot": [0, 0, 0],
							"rotation": [0, 22.5, 0],
							"uv": {
								"north": {"uv": [0.968, 0.032], "uv_size": [-0.936, 0.936]},
								"east": {"uv": [0.968, 0.032], "uv_size": [-0.936, 0.936]},
								"south": {"uv": [0.968, 0.032], "uv_size": [-0.936, 0.936]},
								"west": {"uv": [0.968, 0.032], "uv_size": [-0.936, 0.936]},
								"up": {"uv": [0.032, 0.968], "uv_size": [0.936, -0.936]},
								"down": {"uv": [0.032, 0.968], "uv_size": [0.936, -0.936]}
							}
						},
						{
							"origin": [0.15974, 6.335, -2.22535],
							"size": [0.88, 1, 0.88],
							"pivot": [0, 0, 0],
							"rotation": [0, -45, 0],
							"uv": {
								"north": {"uv": [0.032, 0.032], "uv_size": [0.936, 0.936]},
								"east": {"uv": [0.032, 0.032], "uv_size": [0.936, 0.936]},
								"south": {"uv": [0.032, 0.032], "uv_size": [0.936, 0.936]},
								"west": {"uv": [0.032, 0.032], "uv_size": [0.936, 0.936]},
								"up": {"uv": [0.968, 0.968], "uv_size": [-0.936, -0.936]},
								"down": {"uv": [0.968, 0.968], "uv_size": [-0.936, -0.936]}
							}
						},
						{
							"origin": [-0.95415, 6.3351, -2.13976],
							"size": [0.88, 1, 0.88],
							"pivot": [0, 0, 0],
							"rotation": [0, 45, 0],
							"uv": {
								"north": {"uv": [0.968, 0.032], "uv_size": [-0.936, 0.936]},
								"east": {"uv": [0.968, 0.032], "uv_size": [-0.936, 0.936]},
								"south": {"uv": [0.968, 0.032], "uv_size": [-0.936, 0.936]},
								"west": {"uv": [0.968, 0.032], "uv_size": [-0.936, 0.936]},
								"up": {"uv": [0.032, 0.968], "uv_size": [0.936, -0.936]},
								"down": {"uv": [0.032, 0.968], "uv_size": [0.936, -0.936]}
							}
						},
						{
							"origin": [-0.11913, 6.33504, -0.43425],
							"size": [1.76, 1, 0.88],
							"pivot": [0, 0, 0],
							"rotation": [0, 22.5, 0],
							"uv": {
								"north": {"uv": [0.032, 0.032], "uv_size": [1.936, 0.936]},
								"east": {"uv": [0.032, 0.032], "uv_size": [0.936, 0.936]},
								"south": {"uv": [0.032, 0.032], "uv_size": [1.936, 0.936]},
								"west": {"uv": [0.032, 0.032], "uv_size": [0.936, 0.936]},
								"up": {"uv": [0.968, 1.968], "uv_size": [-0.936, -1.936]},
								"down": {"uv": [0.968, 1.968], "uv_size": [-0.936, -1.936]}
							}
						},
						{
							"origin": [-1.52902, 6.33507, -0.48057],
							"size": [1.76, 1, 0.88],
							"pivot": [0, 0, 0],
							"rotation": [0, -22.5, 0],
							"uv": {
								"north": {"uv": [1.968, 0.032], "uv_size": [-1.936, 0.936]},
								"east": {"uv": [0.968, 0.032], "uv_size": [-0.936, 0.936]},
								"south": {"uv": [1.968, 0.032], "uv_size": [-1.936, 0.936]},
								"west": {"uv": [0.968, 0.032], "uv_size": [-0.936, 0.936]},
								"up": {"uv": [0.968, 0.032], "uv_size": [-0.936, 1.936]},
								"down": {"uv": [0.968, 0.032], "uv_size": [-0.936, 1.936]}
							}
						},
						{
							"origin": [-1.31908, 6.35577, 4.37622],
							"size": [0.5104, 1, 0.5104],
							"uv": {
								"north": {"uv": [0.032, 0.032], "uv_size": [0.936, 0.936]},
								"east": {"uv": [0.032, 0.032], "uv_size": [0.936, 0.936]},
								"south": {"uv": [0.032, 0.032], "uv_size": [0.936, 0.936]},
								"west": {"uv": [0.032, 0.032], "uv_size": [0.936, 0.936]},
								"up": {"uv": [0.968, 0.968], "uv_size": [-0.936, -0.936]},
								"down": {"uv": [0.968, 0.968], "uv_size": [-0.936, -0.936]}
							}
						},
						{
							"origin": [-0.29145, 6.35549, 5.40399],
							"size": [0.5104, 1, 0.5104],
							"uv": {
								"north": {"uv": [0.032, 0.032], "uv_size": [0.936, 0.936]},
								"east": {"uv": [0.032, 0.032], "uv_size": [0.936, 0.936]},
								"south": {"uv": [0.032, 0.032], "uv_size": [0.936, 0.936]},
								"west": {"uv": [0.032, 0.032], "uv_size": [0.936, 0.936]},
								"up": {"uv": [0.968, 0.968], "uv_size": [-0.936, -0.936]},
								"down": {"uv": [0.968, 0.968], "uv_size": [-0.936, -0.936]}
							}
						},
						{
							"origin": [0.73615, 6.35509, 4.37624],
							"size": [0.5104, 1, 0.5104],
							"uv": {
								"north": {"uv": [0.032, 0.032], "uv_size": [0.936, 0.936]},
								"east": {"uv": [0.032, 0.032], "uv_size": [0.936, 0.936]},
								"south": {"uv": [0.032, 0.032], "uv_size": [0.936, 0.936]},
								"west": {"uv": [0.032, 0.032], "uv_size": [0.936, 0.936]},
								"up": {"uv": [0.968, 0.968], "uv_size": [-0.936, -0.936]},
								"down": {"uv": [0.968, 0.968], "uv_size": [-0.936, -0.936]}
							}
						},
						{
							"origin": [-0.29182, 6.35483, 3.34841],
							"size": [0.5104, 1, 0.5104],
							"uv": {
								"north": {"uv": [0.032, 0.032], "uv_size": [0.936, 0.936]},
								"east": {"uv": [0.032, 0.032], "uv_size": [0.936, 0.936]},
								"south": {"uv": [0.032, 0.032], "uv_size": [0.936, 0.936]},
								"west": {"uv": [0.032, 0.032],