{
	"format_version": "1.12.0",
	"minecraft:geometry": [
		{
			"description": {
				"identifier": "geometry.seesaw",
				"texture_width": 32,
				"texture_height": 32,
				"visible_bounds_width": 4,
				"visible_bounds_height": 2.5,
				"visible_bounds_offset": [0, 0.75, 0]
			},
			"bones": [
				{
					"name": "Stand",
					"pivot": [1.68721, 9.48187, 8.00002],
					"cubes": [
						{
							"origin": [-4, 0, 5],
							"size": [8, 7, 1],
							"uv": {
								"north": {"uv": [0.032, 0.032], "uv_size": [7.936, 6.936]},
								"east": {"uv": [0.032, 0.032], "uv_size": [0.936, 6.936]},
								"south": {"uv": [0.032, 0.032], "uv_size": [7.936, 6.936]},
								"west": {"uv": [0.032, 0.032], "uv_size": [0.936, 6.936]},
								"up": {"uv": [7.968, 0.968], "uv_size": [-7.936, -0.936]},
								"down": {"uv": [7.968, 0.968], "uv_size": [-7.936, -0.936]}
							}
						},
						{
							"origin": [-2.1, 7, 5],
							"size": [4.2, 4.6, 1],
							"uv": {
								"north": {"uv": [0.032, 0.032], "uv_size": [4.168, 4.568]},
								"east": {"uv": [0.032, 0.032], "uv_size": [0.936, 4.568]},
								"south": {"uv": [0.032, 0.032], "uv_size": [4.168, 4.568]},
								"west": {"uv": [0.032, 0.032], "uv_size": [0.936, 4.568]},
								"up": {"uv": [4.2, 0.968], "uv_size": [-4.168, -0.936]},
								"down": {"uv": [4.2, 0.968], "uv_size": [-4.168, -0.936]}
							}
						},
						{
							"origin": [3.37428, 4.93641, 4.999],
							"size": [3, 5, 1],
							"pivot": [0, 0, 0],
							"rotation": [0, 0, -22.5],
							"uv": {
								"north": {"uv": [0.032, 0.032], "uv_size": [2.936, 4.936]},
								"east": {"uv": [0.032, 0.032], "uv_size": [0.936, 4.936]},
								"south": {"uv": [0.032, 0.032], "uv_size": [2.936, 4.936]},
								"west": {"uv": [0.032, 0.032], "uv_size": [0.936, 4.936]},
								"up": {"uv": [2.968, 0.968], "uv_size": [-2.936, -0.936]},
								"down": {"uv": [2.968, 0.968], "uv_size": [-2.936, -0.936]}
							}
						},
						{
							"origin": [-6.37426, 4.93651, 4.999],
							"size": [3, 5, 1],
							"pivot": [0, 0, 0],
							"rotation": [0, 0, 22.5],
							"uv": {
								"north": {"uv": [0.032, 0.032], "uv_size": [2.936, 4.936]},
								"east": {"uv": [0.032, 0.032], "uv_size": [0.936, 4.936]},
								"south": {"uv": [0.032, 0.032], "uv_size": [2.936, 4.936]},
								"west": {"uv": [0.032, 0.032], "uv_size": [0.936, 4.936]},
								"up": {"uv": [2.968, 0.968], "uv_size": [-2.936, -0.936]},
								"down": {"uv": [2.968, 0.968], "uv_size": [-2.936, -0.936]}
							}
						},
						{
							"origin": [-4, 0, -6],
							"size": [8, 7, 1],
							"uv": {
								"north": {"uv": [0.032, 0.032], "uv_size": [7.936, 6.936]},
								"east": {"uv": [0.032, 0.032], "uv_size": [0.936, 6.936]},
								"south": {"uv": [0.032, 0.032], "uv_size": [7.936, 6.936]},
								"west": {"uv": [0.032, 0.032], "uv_size": [0.936, 6.936]},
								"up": {"uv": [7.968, 0.968], "uv_size": [-7.936, -0.936]},
								"down": {"uv": [7.968, 0.968], "uv_size": [-7.936, -0.936]}
							}
						},
						{
							"origin": [-2.1, 7, -6],
							"size": [4.2, 4.6, 1],
							"uv": {
								"north": {"uv": [0.032, 0.032], "uv_size": [4.168, 4.568]},
								"east": {"uv": [0.032, 0.032], "uv_size": [0.936, 4.568]},
								"south": {"uv": [0.032, 0.032], "uv_size": [4.168, 4.568]},
								"west": {"uv": [0.032, 0.032], "uv_size": [0.936, 4.568]},
								"up": {"uv": [4.2, 0.968], "uv_size": [-4.168, -0.936]},
								"down": {"uv": [4.2, 0.968], "uv_size": [-4.168, -0.936]}
							}
						},
						{
							"origin": [3.37428, 4.93641, -5.999],
							"size": [3, 5, 1],
							"pivot": [0, 0, 0],
							"rotation": [0, 0, -22.5],
							"uv": {
								"north": {"uv": [0.032, 0.032], "uv_size": [2.936, 4.936]},
								"east": {"uv": [0.032, 0.032], "uv_size": [0.936, 4.936]},
								"south": {"uv": [0.032, 0.032], "uv_size": [2.936, 4.936]},
								"west": {"uv": [0.032, 0.032], "uv_size": [0.936, 4.936]},
								"up": {"uv": [2.968, 0.968], "uv_size": [-2.936, -0.936]},
								"down": {"uv": [2.968, 0.968], "uv_size": [-2.936, -0.936]}
							}
						},
						{
							"origin": [-6.37426, 4.93651, -5.999],
							"size": [3, 5, 1],
							"pivot": [0, 0, 0],
							"rotation": [0, 0, 22.5],
							"uv": {
								"north": {"uv": [0.032, 0.032], "uv_size": [2.936, 4.936]},
								"east": {"uv": [0.032, 0.032], "uv_size": [0.936, 4.936]},
								"south": {"uv": [0.032, 0.032], "uv_size": [2.936, 4.936]},
								"west": {"uv": [0.032, 0.032], "uv_size": [0.936, 4.936]},
								"up": {"uv": [2.968, 0.968], "uv_size": [-2.936, -0.936]},
								"down": {"uv": [2.968, 0.968], "uv_size": [-2.936, -0.936]}
							}
						}
					]
				},
				{
					"name": "bone",
					"pivot": [0, 0, 0],
					"cubes": [
						{
							"origin": [-0.77163, 8.75, -7],
							"size": [1.5, 1.5, 14],
							"uv": {
								"north": {"uv": [0.032, 16.032], "uv_size": [1.468, 1.468]},
								"east": {"uv": [0.032, 16.032], "uv_size": [13.936, 1.468]},
								"south": {"uv": [0.032, 16.032], "uv_size": [1.468, 1.468]},
								"west": {"uv": [0.032, 16.032], "uv_size": [13.936, 1.468]},
								"up": {"uv": [1.5, 29.968], "uv_size": [-1.468, -13.936]},
								"down": {"uv": [1.5, 29.968], "uv_size": [-1.468, -13.936]}
							}
						},
						{
							"origin": [-16.03343, 9.14803, -2],
							"size": [12.72, 0.92, 4],
							"pivot": [0, 0, 0],
							"rotation": [0, 0, -22.5],
							"uv": {
								"north": {"uv": [16.032, 12.032], "uv_size": [15.936, 0.936]},
								"east": {"uv": [16.032, 0.032], "uv_size": [9.936, 0.936]},
								"south": {"uv": [16.032, 12.032], "uv_size": [15.936, 0.936]},
								"west": {"uv": [16.032, 0.032], "uv_size": [9.936, 0.936]},
								"up": {"uv": [30.968, 14.968], "uv_size": [-14.936, -2.936]},
								"down": {"uv": [31.968, 14.968], "uv_size": [-15.936, -2.936]}
							}
						},
						{
							"origin": [-17.56343, 10.04803, -3.5],
							"size": [7, 0.67, 7],
							"pivot": [0, 0, 0],
							"rotation": [0, 0, -22.5],
							"uv": {
								"north": {"uv": [16.032, 8.032], "uv_size": [0.936, 6.936]},
								"east": {"uv": [16.032, 12.032], "uv_size": [0.936, 2.936]},
								"south": {"uv": [16.032, 8.032], "uv_size": [0.936, 6.936]},
								"west": {"uv": [16.032, 12.032], "uv_size": [0.936, 2.936]},
								"up": {"uv": [31.968, 14.968], "uv_size": [-7.936, -6.936]},
								"down": {"uv": [31.968, 14.968], "uv_size": [-7.936, -6.936]}
							}
						},
						{
							"origin": [18.7422, 10.02804, -3.5],
							"size": [7, 0.67, 7],
							"pivot": [0, 0, 0],
							"rotation": [0, 0, -22.5],
							"uv": {
								"north": {"uv": [16.032, 8.032], "uv_size": [0.936, 6.936]},
								"east": {"uv": [16.032, 12.032], "uv_size": [0.936, 2.936]},
								"south": {"uv": [16.032, 8.032], "uv_size": [0.936, 6.936]},
								"west": {"uv": [16.032, 12.032], "uv_size": [0.936, 2.936]},
								"up": {"uv": [31.968, 14.968], "uv_size": [-7.936, -6.936]},
								"down": {"uv": [31.968, 14.968], "uv_size": [-7.936, -6.936]}
							}
						},
						{
							"origin": [-3.31343, 9.14803, -2],
							"size": [14.72, 0.92, 4],
							"pivot": [0, 0, 0],
							"rotation": [0, 0, -22.5],
							"uv": {
								"north": {"uv": [16.032, 12.032], "uv_size": [15.936, 0.936]},
								"east": {"uv": [16.032, 0.032], "uv_size": [9.936, 0.936]},
								"south": {"uv": [16.032, 12.032], "uv_size": [15.936, 0.936]},
								"west": {"uv": [16.032, 0.032], "uv_size": [9.936, 0.936]},
								"up": {"uv": [30.968, 14.968], "uv_size": [-14.936, -2.936]},
								"down": {"uv": [31.968, 14.968], "uv_size": [-15.936, -2.936]}
							}
						},
						{
							"origin": [11.40657, 9.14803, -2],
							"size": [12.72, 0.92, 4],
							"pivot": [0, 0, 0],
							"rotation": [0, 0, -22.5],
							"uv": {
								"north": {"uv": [16.032, 12.032], "uv_size": [15.936, 0.936]},
								"east": {"uv": [16.032, 0.032], "uv_size": [9.936, 0.936]},